{
    "HA": "HEV",
    "SE":"OTR",
    "OM":"OPF",
    "NE":"HAM",
    "HM":"HAM",
    "EPI":"EPI",
    "FA":"FVS",
    "SO":"HAM",
    "SL":"PDX",
    "SD":"PDX",
    "VD":"OTR",
    "MEDICAMENTOS":"HAM",
    "ATENCION":"HEV",
    "LAB":"PDX",
    "ANEX":"OTR",
    "ENFERMERIA":"HEV",
    "ORD":"OM",
    "SOPORTE FACT":"FAC",
    "AIU":"HAU",
    "OS":"OTR",
    "PRT":"PRT",
    "PRIORITARIA":"PRT",
    "VERIFICACION":"OTR",
    "RX":"PDX",
    "SF":"SF",
    "ECO":"PDX",
    "ran":"RAN",
    "OTRO":"OTR",
    "GCL":"PDX",
    "HMC":"HAM"
}