{
    "HC": "HC",
    "HA": "HC",
    "SE":"ADM",
    "OM":"OFM",
    "NE":"REF",
    "HM":"HAM",
    "EPI":"EPI",
    "FA":"FACT",
    "SO":"OXI",
    "SL":"PDX",
    "SD":"PDX",
    "VD":"ADM",
    "MEDICAMENTOS":"HAM",
    "ATENCION":"HC",
    "LAB":"LBR",
    "ANEX":"OTR",
    "ENFERMERIA":"REF",
    "ORD":"OM",
    "SOPORTE FACT":"FACT",
    "AIU":"HAU",
    "OS":"DETALLE CARGOS",
    "PRT":"HAU",
    "PRIORITARIA":"HAU",
    "VERIFICACION":"ADM",
    "RX":"PDX",
    "SF":"SF",
    "ECO":"PDX",
    "ran":"RAN",
    "GCL":"GCL",
    "HMC":"HAM",
    "OTRO":"ADM",
    "RAN":"RAN"    
}